customer_id,full_name,first_name,last_name,email,phone_number,address,city,state,country,zip_code,registered_date
1,Muhammad Najib,Muhammad,Najib,mnajib0@msu.edu,655-861-1782,"No. 17, Jalan Sungai Pusu, Taman Koperasi",Gombak,Selangor,Malaysia,53100,9/5/2021
2,Chin Wei,Chin,Wei,cwei1@bbc.co.uk,304-465-8968,"No. 23, Jalan Meru, Taman Meru",Klang,Selangor,Malaysia,41050,9/9/2022
3,Selvam Kandasamy,Selvam,Kandasamy,skandasamy2@berkeley.edu,841-730-2666,"No. 1, Jalan Raja, Kampung Baru",Kuala Lumpur,Wilayah Persekutuan,Malaysia,50300,24/6/2021
4,Mohd Irfan,Mohd,Irfan,mirfan3@about.me,857-128-5810,"No. 33, Jalan Gombak, Taman Sri Gombak",Batu Caves,Selangor,Malaysia,68100,15/8/2021
5,Siti Aisyah,Siti,Aisyah,saisyah4@blogtalkradio.com,800-289-9510,"No. 8, Jalan Sultan Ismail,",Johor Bahru,Johor,Malaysia,50250,9/2/2022
6,Kiran Patel,Kiran,Patel,kpatel5@npr.org,528-568-2340,"No. 1, Jalan Tun Razak, Taman U Thant",Kuala Lumpur,Wilayah Persekutuan,Malaysia,50400,3/7/2022
7,Chong Wei Ming,Chong,Wei Ming,cweiming6@answers.com,808-888-7958,"No. 58, Jalan Kota Tinggi, Taman Puteri",Pasir Gudang,Johor,Malaysia,81700,25/3/2021
8,Kavita Krishnan,Kavita,Krishnan,kkrishnan7@ibm.com,347-232-5283,"No. 12, Jalan Tun Hussein Onn,",Seremban,Negeri Sembilan,Malaysia,70200,13/6/2022
9,Ahmad Zulhilmi,Ahmad,Zulhilmi,azulhilmi8@toplist.cz,400-492-6208,"No. 15, Jalan Setia Prima B,",Puchong,Selangor,Malaysia,47150,28/7/2022
10,Tan Jia Wei,Tan,Jia Wei,tjwei9@usatoday.com,775-417-1090,"No. 22, Jalan PJU 8/1, Bandar Damansara Perdana",Petaling Jaya,Selangor,Malaysia,47820,16/1/2022
11,Aarti Shah,Aarti,Shah,ashaha@miibeian.gov.cn,216-501-5854,"No. 9, Jalan Dato' Onn, Taman Sentosa",Klang,Selangor,Malaysia,41200,11/7/2020
12,Wong Wai Yee,Wong,Wai Yee,wwyeeb@cnbc.com,677-326-6807,"No. 7, Jalan Beringin, Taman Melor",Kulai,Johor,Malaysia,81000,18/6/2021
13,Baljit Kaur,Baljit,Kaur,bkaurc@weebly.com,439-562-0736,"No. 48, Jalan Limau, Taman Nanas",Alor Setar,Kedah,Malaysia,5050,1/5/2022
14,Yeoh Chun Wei,Yeoh,Chun Wei,ycweid@usgs.gov,564-930-1422,"No. 6, Jalan Bukit Beruntung,",Rawang,Selangor,Malaysia,48300,14/9/2021
15,Shanti Balan,Shanti,Balan,sbalane@slashdot.org,134-108-5187,"No. 27, Jalan Pandan, Taman Pandan",Kuala Lumpur,Wilayah Persekutuan,Malaysia,55100,27/9/2021
16,Muhammad Azizi,Muhammad,Azizi,mazizif@prweb.com,693-300-8237,"No. 16, Jalan Kebun Nenas, Taman Kebun Nenas",Johor Bahru,Johor,Malaysia,81200,23/10/2021
17,Chia Wei Min,Chia,Wei Min,cwming@xrea.com,897-220-3063,"No. 13, Jalan Sutera, Taman Sutera Utama",Skudai,Johor,Malaysia,81300,24/11/2020
18,Lim Mei Ling,Lim,Mei Ling,mllingi@epa.gov,458-279-9575,"No. 5, Jalan Sri Bahagia, Taman Sri Bahagia",Ampang,Selangor,Malaysia,68000,14/4/2021
19,Hafizuddin Hassan,Hafizuddin,Hassan,hhassanj@miibeian.gov.cn,803-226-7532,"No. 18, Jalan Desa Putera, Taman Desa Putera",Sungai Petani,Kedah,Malaysia,8000,16/12/2020
20,Indra Devi,Indra,Devi,idevik@symantec.com,888-380-7391,"No. 28, Jalan Keranji, Taman Keranji",Kulim,Kedah,Malaysia,9000,4/6/2022
21,Goh Tze Ming,Goh,Tze Ming,gtzemingl@com.com,349-161-7706,"No. 10, Jalan Seroja, Taman Seroja",Kuantan,Pahang,Malaysia,25300,2/10/2020
22,Tan Ah Kow,Tan,Ah Kow,takowm@hhs.gov,418-789-1649,"47, Jalan Kencana, Taman Bukit Kencana",Kuantan,Pahang,Malaysia,25450,16/1/2021
23,Arun Kumar,Arun,Kumar,akumarn@devhub.com,829-560-2205,"22, Jalan Tun Razak, Taman Johor",Johor Bahru,Johor,Malaysia,80200,21/6/2020
24,Wong Jia Yi,Wong,Jia Yi,wjiayio@lulu.com,589-254-8116,"19, Jalan Tanjung, Taman Sri Gombak",Batu Caves,Selangor,Malaysia,68100,8/12/2020
25,Muhammad Fadhil,Muhammad,Fadhil,mfadhilp@mapy.cz,479-246-0594,"12, Jalan Dato' Ismail, Taman Abadi",Seremban,Negeri Sembilan,Malaysia,70200,14/11/2022
26,Chew Mei Ling,Chew,Mei Ling,cmlingq@360.cn,453-516-3441,"5, Jalan Kota, Taman Kota",Kota Bharu,Kelantan,Malaysia,15000,9/6/2020
27,Yap Hui Ling,Yap,Hui Ling,yhlingr@si.edu,536-626-3196,"9, Jalan Besar, Taman Selayang",Selayang,Selangor,Malaysia,68100,2/6/2020
28,Ahmad Syafiq,Ahmad,Syafiq,asyafiqs@hubpages.com,748-546-9328,"3, Jalan Teluk, Taman Teluk",Batu Pahat,Johor,Malaysia,83000,2/9/2022
29,Tan Eng Hui,Tan,Eng Hui,tehuix@ocn.ne.jp,334-215-2032,"15, Jalan Mawar, Taman Mawar",Alor Setar,Kedah,Malaysia,5000,4/8/2021
30,Merle Matiewe,Merle,Matiewe,mmatiewet@dedecms.com,410-286-6107,"37, Jalan Indah, Taman Indah",Kuching,Sarawak,Malaysia,93200,17/6/2021
31,Liuka Palleske,Liuka,Palleske,lpalleskeu@addthis.com,444-346-4437,"23, Jalan Bahagia, Taman Bahagia",Sandakan,Sabah,Malaysia,90000,13/6/2022
32,Goldia Brocket,Goldia,Brocket,gbrocketv@amazon.co.uk,585-450-1228,"11, Jalan Semarak, Taman Semarak",Langkawi,Kedah,Malaysia,7000,21/3/2021
33,Felipa Sandbrook,Felipa,Sandbrook,fsandbrookw@reuters.com,405-585-4796,"51, Jalan Desa, Taman Desa",Ampang,Selangor,Malaysia,58100,22/2/2022
34,Benjamin Cunnane,Benjamin,Cunnane,bcunnanex@wunderground.com,645-459-5818,"33, Jalan Damai, Taman Damai",Kuala Terengganu,Terengganu,Malaysia,21000,15/7/2021
35,Arch Trevan,Arch,Trevan,atrevany@gov.uk,420-166-4749,"8, Jalan Temenggong, Taman Temenggong",Muar,Johor,Malaysia,84000,25/6/2022
36,Rori Testin,Rori,Testin,rtestinz@github.com,334-118-3147,"27, Jalan Harmoni, Taman Harmoni",Bintulu,Sarawak,Malaysia,97000,5/10/2021
37,Kalila Raselles,Kalila,Raselles,kraselles10@state.gov,659-651-0332,"17, Jalan Bestari, Taman Bestari",Kluang,Johor,Malaysia,86000,26/1/2020
38,Fatima Amirah,Fatima,Amirah,amirah.fatima.05@gmail.com,906-678-1962,"21, Jalan Cemerlang, Taman Cemerlang",Ipoh,Perak,Malaysia,31400,10/4/2022
39,Roshan Kaur,Roshan,Kaur,kaurroshan_92@yahoo.com,642-512-3038,"16, Jalan Ria, Taman Ria",Taiping,Perak,Malaysia,34000,7/1/2020
40,Muhammad Imran,Muhammad,Imran,muhammadimran_84@hotmail.com,587-249-2648,"6, Jalan Laksamana, Taman Laksamana",Melaka,Melaka,Malaysia,75200,1/4/2020
41,Lim Wei Ling,Wei Ling,Lim,ling.lim.92@outlook.com,231-604-7953,"25, Jalan Sejahtera, Taman Sejahtera",Miri,Sarawak,Malaysia,98000,24/10/2021
42,Nurul Syazwani,Nurul,Syazwani,syazwaninurul@gmail.com,515-775-3973,"38, Jalan Selera, Taman Selera",Butterworth,Pulau Pinang,Malaysia,12300,17/7/2020
43,Sharifah Aisyah,Sharifah,Aisyah,sharifah.aisyah.06@yahoo.com,437-298-7796,"7, Jalan Harmoni, Taman Harmoni",Kota Kinabalu,Sabah,Malaysia,88300,12/10/2022
44,Ramli Bin Abdul,Ramli,Abdul,ramli.abdul_85@gmail.com,810-795-9138,"76, Jalan Desa Jaya, Taman Desa",Kajang,Selangor,Malaysia,43000,14/11/2021
45,Poonam Kaur,Poonam,Kaur,kaur.poonam_89@live.com,696-383-1499,"9, Jalan Bistari, Taman Bistari",Sungai Petani,Kedah,Malaysia,8000,20/12/2020
46,Tan Wei Ming,Wei Ming,Tan,weiming.tan.93@outlook.com,715-624-6770,"18, Jalan Kota, Taman Kota",Kota Kinabalu,Sabah,Malaysia,88000,5/6/2022
47,Rizal Fauzi,Rizal,Fauzi,rizal.fauzi_79@hotmail.com,445-358-1631,"3, Jalan Harmoni, Taman Harmoni",Johor Bahru,Johor,Malaysia,81100,7/9/2021
48,Lee Xin Yi,Xin Yi,Lee,xinyilee_89@yahoo.com,102-138-5682,"42, Jalan Cemerlang, Taman Cemerlang",Sungai Petani,Kedah,Malaysia,8000,10/7/2020
49,Devi Mahalingam,Devi,Mahalingam,devimaha_88@gmail.com,830-385-7397,"29, Jalan Ria, Taman Ria",Kuala Lumpur,Kuala Lumpur,Malaysia,50400,2/10/2021
50,Muhammad Danish,Muhammad,Danish,danishmuhammad_94@yahoo.com,135-810-9684,"12, Jalan Sejahtera, Taman Sejahtera",Shah Alam,Selangor,Malaysia,40100,25/1/2020
51,Wong Mei Ling,Mei Ling,Wong,meiling.wong.89@outlook.com,562-887-6495,"35, Jalan Indah, Taman Indah",Muar,Johor,Malaysia,84000,16/5/2020
52,Aiman Hakim,Aiman,Hakim,aimanhakim_92@hotmail.com,714-516-4606,"23, Jalan Maju, Taman Maju",Kota Kinabalu,Sabah,Malaysia,88450,23/6/2020
53,Nazirah Ahmad,Nazirah,Ahmad,ahmadnazirah_87@yahoo.com,797-643-5606,"49, Jalan Bunga, Taman Bunga",Kuala Lumpur,Kuala Lumpur,Malaysia,53000,1/4/2021
54,Kavita Sharma,Kavita,Sharma,kavita.sharma_92@gmail.com,803-928-8646,"15, Jalan Damai, Taman Damai",Kuala Lumpur,Kuala Lumpur,Malaysia,53300,16/5/2020
55,Imran Abdul,Imran,Abdul,abdulimran_82@yahoo.com,153-312-4673,"18, Jalan Taming, Taman Taming",Kuala Terengganu,Terengganu,Malaysia,21000,16/12/2021
56,Nur Izzati,Nur,Izzati,nurizzati_91@hotmail.com,118-879-6241,"1, Jalan Raja, Taman Raja",Seremban,Negeri Semb.,Malaysia,70300,7/9/2021
57,Rajinder Kaur,Rajinder,Kaur,rajinderkaur_90@yahoo.com,546-839-9176,"27, Jalan Emas, Taman Emas",Kuantan,Pahang,Malaysia,25200,20/9/2021
58,Mohd Azizan,Mohd,Azizan,mohdazizan_79@hotmail.com,214-221-8587,"5, Jalan Berjaya, Taman Berjaya",Johor Bahru,Johor,Malaysia,81100,28/7/2022
59,Tan Wei Xuan,Wei Xuan,Tan,weixuan.tan_91@gmail.com,259-399-6940,"10, Jalan Bahagia, Taman Bahagia",Ipoh,Perak,Malaysia,31500,5/2/2021
60,Raja Nor,Raja,Nor,rajanor_89@yahoo.com,392-691-8440,"14, Jalan Mewah, Taman Mewah",Miri,Sarawak,Malaysia,98000,17/12/2021
61,Muhammad Faizal,Muhammad,Faizal,muhammad.faizal_87@hotmail.com,357-648-8141,"8, Jalan Harmoni, Taman Harmoni",Bintulu,Sarawak,Malaysia,97000,22/10/2022
62,Chong Chee Wei,Chee Wei,Chong,cheewei.chong.90@gmail.com,116-871-2328,"2, Jalan Temenggong, Taman Temenggong",Muar,Johor,Malaysia,84000,26/10/2022
63,Padmini Muthu,Padmini,Muthu,padmini.muthu_81@outlook.com,368-633-9362,"39, Jalan Merdeka, Taman Merdeka",Sibu,Sarawak,Malaysia,96000,6/9/2020
64,Zul Ariffin,Zul,Ariffin,zul.ariffin_85@yahoo.com,384-813-7082,"7, Jalan Taming, Taman Taming",Kuala Terengganu,Terengganu,Malaysia,21000,5/10/2021
65,Haziqah Chew,Haziqah,Chew,haziqah.chew.81@xmail.com.my,983-932-2663,"31, Jalan Berjaya, Taman Berjaya",Johor Bahru,Johor,Malaysia,81100,14/2/2022
66,Yew Khoo,Yew,Khoo,yew.khoo.79@xmail.com.my,544-910-7775,"9, Jalan Balai, Taman Balai",Petaling Jaya,Selangor,Malaysia,46950,19/5/2021
67,Amrit Singh,Amrit,Singh,amrit.singh.93@xmail.com.my,214-609-3359,"20, Jalan Taman Selayang, Taman Selayang",Seremban,Negeri Sembilan,Malaysia,70400,8/1/2022
68,Wei Chin Tan,Wei Chin,Tan,weichin.tan.10@xmail.com.my,840-168-1516,"33, Jalan Tanjung, Taman Tanjung",Pekan Nanas,Johor,Malaysia,81500,8/5/2020
69,Siti Nurul Ain,Siti Nurul,Ain,sitinurulain.02@xmail.com.my,156-239-2091,"12, Jalan Tun Razak, Taman Tun Razak",Kuala Lumpur,Wilayah Persekutuan,Malaysia,50400,18/6/2021
70,Jia Ying Tan,Jia Ying,Tan,jiaying.tan.23@xmail.com.my,215-186-4944,"22, Jalan Sentul, Taman Sentul",Batu Pahat,Johor,Malaysia,83000,27/7/2020
71,Rajinder Kaur,Rajinder,Kaur,rajinder.kaur.70@xmail.com.my,832-413-7281,"17, Jalan Maju, Taman Maju",Kuching,Sarawak,Malaysia,93300,10/4/2020
72,Hock Chin Lim,Hock Chin,Lim,hockchin.lim.28@xmail.com.my,241-756-5657,"26, Jalan Raya, Taman Raya",Seri Kembangan,Selangor,Malaysia,43300,2/5/2020
73,Karthik Rajan,Karthik,Rajan,karthik.rajan.13@xmail.com.my,924-872-9330,"18, Jalan Kepong, Taman Kepong",Kota Kinabalu,Sabah,Malaysia,88200,24/5/2020
74,Siti Nor Ain,Siti Nor,Ain,sitinorain.70@xmail.com.my,721-122-2394,"13, Jalan Kajang, Taman Kajang",Klang,Selangor,Malaysia,41200,12/3/2021
75,Wen Jie Ong,Wen Jie,Ong,wenjie.ong.32@xmail.com.my,969-594-7377,"4, Jalan Bunga Raya, Taman Bunga Raya",Georgetown,Penang,Malaysia,10300,7/5/2022
76,Poovendran Naidu,Poovendran,Naidu,poovendran.naidu.19@xmail.com.my,577-204-6673,"16, Jalan Lintang, Taman Lintang",Kuantan,Pahang,Malaysia,25300,12/4/2020
77,Yit Wai Tan,Yit Wai,Tan,yitwai.tan.09@xmail.com.my,828-711-8899,"5, Jalan Mesra, Taman Mesra",Sandakan,Sabah,Malaysia,90000,11/9/2020
78,Ramli Mohd,Ramli,Mohd,ramli.mohd.50@xmail.com.my,780-125-6071,"21, Jalan Bukit Mewah, Taman Bukit Mewah",Kuala Lumpur,Wilayah Persekutuan,Malaysia,58200,28/9/2020
79,Siew Hui Chan,Siew Hui,Chan,siewhui.chan.47@xmail.com.my,605-801-7107,"11, Jalan Berjaya, Taman Berjaya",Melaka,Melaka,Malaysia,75400,20/2/2022
80,Yan Xin Tan,Yan Xin,Tan,yanxin.tan.96@xmail.com.my,318-873-2249,"14, Jalan Universiti, Taman Universiti",Shah Alam,Selangor,Malaysia,40100,13/8/2020
81,Muhammad Faizal,Muhammad,Faizal,muhammad.faizal.23@xmail.com.my,455-314-6879,"15, Jalan Sri Perkasa, Taman Sri Perkasa",Subang Jaya,Selangor,Malaysia,47600,16/7/2022
82,Shamala Devi,Shamala,Devi,shamala.devi.97@xmail.com.my,522-359-8680,"28, Jalan Merdeka, Taman Merdeka",Kota Bharu,Kelantan,Malaysia,15000,26/8/2021
83,Kamal Arifin,Kamal,Arifin,kamal.arifin.47@xmail.com.my,710-914-6760,"19, Jalan Jaya, Taman Jaya",Kuala Lumpur,Wilayah Persekutuan,Malaysia,46000,20/2/2021
84,Wee Lee Ng,Wee Lee,Ng,weelee.ng.58@xmail.com.my,582-856-8121,"10, Jalan Damai, Taman Damai",Sungai Petani,Kedah,Malaysia,8000,24/3/2020
85,Ganesh Kumar,Ganesh,Kumar,ganesh.kumar.76@xmail.com.my,262-174-6183,"31, Jalan Masjid, Taman Masjid",Alor Setar,Kedah,Malaysia,5000,19/10/2022
86,Yu Jie Lim,Yu Jie,Lim,yujie.lim.67@xmail.com.my,100-560-1311,"7, Jalan Bunga Raya, Taman Bunga Raya",Kota Kinabalu,Sabah,Malaysia,8800,16/10/2022
87,Ismail Abdul,Ismail,Abdul,ismail.abdul.56@xmail.com.my,778-188-1464,"19, Jalan Wangsa 1/3, Taman Wangsa",Petaling Jaya,Selangor,Malaysia,46350,10/6/2020
88,Prabhu Naidu,Prabhu,Naidu,prabhu.naidu.95@xmail.com.my,620-800-5047,"25, Jalan Puchong, Pusat Bandar Puchong",Puchong,Selangor,Malaysia,47100,17/9/2021
89,Harald Castagno,Harald,Castagno,hcastagno2g@netvibes.com,846-602-2351,"11, Jalan Permai, Taman Permai",Alor Setar,Kedah,Malaysia,5400,6/6/2021
90,Miriam Jori,Miriam,Jori,mjori2h@ca.gov,317-688-7401,"8, Jalan Air Putih, Taman Air Putih",Kuantan,Pahang,Malaysia,25200,6/6/2022
91,Nickolai Stratz,Nickolai,Stratz,nstratz2i@mlb.com,597-336-4661,"2, Jalan Sungai Jati, Taman Sri Sungai Jati",Batu Pahat,Johor,Malaysia,83000,2/1/2022
92,Yolanthe Crowthe,Yolanthe,Crowthe,ycrowthe2j@mozilla.com,351-385-2741,"3, Jalan Belimbing, Taman Belimbing",Miri,Sarawak,Malaysia,98000,2/11/2021
93,Fong Zhi Ying,Fong,Zhi Ying,fong.zhiying.4ef9@gmail.com,737-540-5961,"21, Jalan Merdeka, Taman Merdeka",Kluang,Johor,Malaysia,86000,4/4/2020
94,Baljit Kaur Raj,Baljit Kaur,Raj,baljit.kaur.raj.395d@gmail.com,178-387-8121,"4, Jalan Cempaka 1, Taman Cempaka",Taiping,Perak,Malaysia,34000,11/4/2021
95,Siti Nur Athirah Mohd Yusoff,Siti Nur Athirah,Mohd Yusoff,sitinurathirah.mohdyusoff.01f6@gmail.com,127-521-1915,"6, Jalan Sejati 1, Taman Sejati",Kota Kinabalu,Sabah,Malaysia,88000,14/5/2022
96,Tan Boon Teck,Tan,Boon Teck,tan.boonteck.4026@gmail.com,651-725-7632,"29, Jalan Malinja, Taman Malinja",Sungai Petani,Kedah,Malaysia,8000,18/7/2022
97,Priscilla Tan Yan Ling,Priscilla Tan,Yan Ling,priscillatanyanling.888e@gmail.com,950-603-5987,"15, Jalan Damai, Taman Damai",Batu Gajah,Perak,Malaysia,31000,22/11/2022
98,Muhammad Aqil Bin Mohd Yusof,Muhammad Aqil,Mohd Yusof,muhammadaqil.mohdyusof.3e90@gmail.com,380-496-8026,"10, Jalan Pelangi, Taman Pelangi",Sibu,Sarawak,Malaysia,96000,5/4/2021
99,Ng Siew Ling,Ng,Siew Ling,ngsiewling.2769@gmail.com,272-492-5524,"7, Jalan Bahagia, Taman Bahagia",Johor Bahru,Johor,Malaysia,81100,9/10/2022
100,Poh Yoke Lin,Poh,Yoke Lin,poh.yokelin.4a69@gmail.com,394-498-2052,"22, Jalan Raja, Taman Raja",Kuala Terengganu,Terengganu,Malaysia,20000,18/5/2020
101,Harvinder Kaur Singh,Harvinder Kaur,Singh,harvinderkaursingh.0809@gmail.com,486-416-5865,"23, Jalan Ria, Taman Ria",Sandakan,Sabah,Malaysia,90000,1/6/2022
102,Kwek Shi Ning,Kwek,Shi Ning,kwekshining.9d7e@gmail.com,218-576-1242,"16, Jalan Merak, Taman Merak",Bintulu,Sarawak,Malaysia,97000,1/1/2022
103,Syed Muhamad Aizat Bin Syed Idrus,Syed Muhamad Aizat,Syed Idrus,syedmuhamadaizat.syedidrus.72ba@gmail.com,301-227-6577,"12, Jalan Ceria, Taman Ceria",Sungai Petani,Kedah,Malaysia,8000,10/12/2022
104,Chai Yee Wen,Chai,Yee Wen,chaiyeewen.3b3c@gmail.com,779-896-8424,"1, Jalan Desa, Taman Desa",Sandakan,Sabah,Malaysia,90000,2/9/2022
105,Siva Rajan A/L R. Krishnan,Siva Rajan,R. Krishnan,sivarajan.rkrishnan.e904@gmail.com,765-245-2495,"26, Jalan Harmoni, Taman Harmoni",Kuala Terengganu,Terengganu,Malaysia,20000,17/3/2021
106,Cheng Chin Hui,Cheng,Chin Hui,chengchinhui.91eb@gmail.com,167-908-9195,"30, Jalan Sungai Dua, Taman Sungai Dua",Kuala Lumpur,Wilayah Persekutuan,Malaysia,56100,28/1/2020
107,Nor Hidayah Binti Mohd Yusuf,Nor Hidayah,Mohd Yusuf,norhidayah.mohdyusuf.e4c4@gmail.com,651-852-1641,"20, Jalan Temenggong, Taman Temenggong",Muar,Johor,Malaysia,84000,22/10/2020
108,Liang Hui Wen,Liang,Hui Wen,lianghuiwen.4ba6@gmail.com,885-405-6896,"13, Jalan Sungai Jati, Taman Sri Sungai Jati",Seremban,Negeri Sembilan,Malaysia,70000,16/2/2022
109,Ashwini A/P Ganesan,Ashwini,Ganesan,ashwiniganesan.98e8@gmail.com,784-458-6909,"35, Jalan Bukit Kuching",Johor Bahru,Johor,Malaysia,81100,15/1/2020
110,Wong Xuan Wei,Wong,Xuan Wei,wongxuanwei.9eb1@gmail.com,843-454-3965,"8, Jalan Damansara",Kuala Lumpur,Wilayah Persekutuan Kuala Lumpur,Malaysia,50490,19/9/2022
111,Rajeshwary A/P Nellaiappan,Rajeshwary,Nellaiappan,rajeshwarynellaiappan.69de@gmail.com,581-484-8252,"18, Jalan Batu Ferringhi",George Town,Pulau Pinang,Malaysia,11100,24/9/2022
112,Yap Wen Qin,Yap,Wen Qin,yapwenqin.9681@gmail.com,729-720-2880,"24, Jalan Datuk Sulaiman",Kuala Lumpur,Wilayah Persekutuan Kuala Lumpur,Malaysia,60000,11/2/2021
113,Hema A/P Muthusamy,Hema,Muthusamy,hemamuthusamy.5642@gmail.com,247-753-6415,"3, Jalan Kajang",Kajang,Selangor,Malaysia,43000,2/3/2022
114,Tan Jia Hui,Tan Jia,Hui,tanjiahui.13@xyzmail.com,937-985-2570,"12, Jalan Cheras",Cheras,Selangor,Malaysia,43200,14/9/2021
115,Mohd Asyraf Abdul Razak,Mohd Asyraf,Abdul Razak,mohd.asyraf.abdulrazak.25@xyzmail.com,238-842-0221,"21, Jalan Temenggung",Kota Bharu,Kelantan,Malaysia,15000,20/10/2021
116,Rachel Wong,Rachel,Wong,rachel.wong.17@xyzmail.com,182-928-8603,"11, Jalan Sungai Besi",Seri Kembangan,Selangor,Malaysia,43300,9/1/2021
117,Lee Wei Han,Lee Wei,Han,leewei.han.8@xyzmail.com,462-511-7191,"5, Jalan Kota Bharu",Kuala Lumpur,Wilayah Persekutuan Kuala Lumpur,Malaysia,50300,7/1/2022
118,Arjun Kaur,Arjun,Kaur,arjun.kaur.21@xyzmail.com,143-611-0574,"7, Jalan Dato Abdullah Tahir",Johor Bahru,Johor,Malaysia,80300,6/2/2022
119,Ng Yu Xuan,Ng Yu,Xuan,ng.yu.xuan.28@xyzmail.com,684-557-8522,"13, Jalan Seri Impian",Kuantan,Pahang,Malaysia,25350,16/2/2020
120,Lim Chong Wei,Lim Chong,Wei,limchongwei.6@xyzmail.com,594-233-9908,"9, Jalan Bukit Mewah",Bukit Mertajam,Pulau Pinang,Malaysia,14000,15/11/2021
121,Nurul Aina Mohd Yusof,Nurul Aina,Mohd Yusof,nurul.aina.mohdyusof.22@xyzmail.com,730-585-1758,"29, Jalan Indah 1/1",Johor Bahru,Johor,Malaysia,81200,24/10/2020
122,Siti Noraini Ahmad,Siti Noraini,Ahmad,siti.noraini.ahmad.32@xyzmail.com,687-653-8316,"14, Jalan Wawasan 1/7",Shah Alam,Selangor,Malaysia,42300,18/4/2020
123,Tan Wei Xuan,Tan Wei,Xuan,tanwei.xuan.30@xyzmail.com,816-894-0554,"20, Jalan Ipoh",Ipoh,Perak,Malaysia,30100,9/8/2021
124,Wong Chee Wai,Wong Chee,Wai,wongcheewai.27@xyzmail.com,124-125-0043,"16, Jalan Ria",Taiping,Perak,Malaysia,34000,11/1/2021
125,Mohd Faizul Mohd Salleh,Mohd Faizul,Mohd Salleh,mohd.faizul.mohdsalleh.24@xyzmail.com,281-142-8850,"22, Jalan Merdeka",Sibu,Sarawak,Malaysia,96000,23/2/2020
126,Lim Kim Yew,Lim Kim,Yew,limkim.yew.2@xyzmail.com,454-743-7842,"25, Jalan Sejahtera",Miri,Sarawak,Malaysia,98000,15/5/2020
127,Amna Devi,Amna,Devi,amna.devi.19@xyzmail.com,355-677-1075,"11, Jalan Maju",Kajang,Selangor,Malaysia,43000,27/6/2021
128,Chua Jia Xuan,Chua Jia,Xuan,chua.jiaxuan.9@xyzmail.com,822-121-3756,"6, Jalan Laksamana",Melaka,Melaka,Malaysia,75200,4/7/2022
129,Mohd Azrul Mohd Yusof,Mohd Azrul,Mohd Yusof,mohd.azrul.mohdyusof.31@xyzmail.com,412-849-0661,"33, Jalan Damai",Kuala Terengganu,Terengganu,Malaysia,21000,20/7/2021
130,Lee Shu Min,Lee Shu,Min,leeshu.min.15@xyzmail.com,733-938-1991,"27, Jalan Harmoni",Bintulu,Sarawak,Malaysia,97000,23/2/2020
131,Wong Yee Xuan,Wong Yee,Xuan,wongyee.xuan.7@xyzmail.com,761-143-9024,"10, Jalan Sutera",Johor Bahru,Johor,Malaysia,80150,13/7/2022
132,Harpreet Singh,Harpreet,Singh,harpreet.singh.16@xyzmail.com,146-441-9232,"15, Jalan Desa Aman 1",Kepong,Wilayah Persekutuan Kuala Lumpur,Malaysia,52100,26/4/2022
133,Lim Chin Wei,Lim Chin,Wei,limchin.wei.4@xyzmail.com,335-533-8623,"12, Jalan PJS 9/1",Petaling Jaya,Selangor,Malaysia,46150,5/3/2021
134,Ng Kai Wen,Ng Kai,Wen,ngkai.wen.29@xyzmail.com,600-801-2478,"45, Jalan Bunga Raya, Taman Bunga Raya",Kuala Lumpur,Kuala Lumpur,Malaysia,56100,14/12/2022
135,Chen Wei Lun,Chen Wei,Lun,chenwei.lun.26@xyzmail.com,626-590-5165,"7, Jalan Melati, Taman Melati",Kota Bharu,Kelantan,Malaysia,16070,10/12/2022
136,Lee Jia Jun,Lee Jia,Jun,leejia.jun.14@xyzmail.com,770-138-8211,"14, Jalan Bayu, Taman Bayu",Seremban,Negeri Sembilan,Malaysia,70000,16/6/2020
137,Yeoh Mei Ling,Yeoh Mei,Ling,yeohmei.ling.18@xyzmail.com,424-949-1901,"19, Jalan Harmoni, Taman Harmoni",Bintulu,Sarawak,Malaysia,97000,2/10/2020
138,Amirah Heng,Amirah,Heng,amirahheng1560@plaxo.com,408-751-5677,"22, Jalan Mesra, Taman Mesra",Johor Bahru,Johor,Malaysia,81100,20/9/2020
139,Aida Lau,Aida,Lau,aidalau9741@zoho.com,110-720-7817,"53, Jalan Tunku, Taman Tunku",Miri,Sarawak,Malaysia,98000,5/6/2021
140,Bhavesh Goh,Bhavesh,Goh,bhaveshgoh5865@outlook.com,802-276-0672,"31, Jalan Ria, Taman Ria",Seremban,Negeri Sembilan,Malaysia,70300,11/3/2022
141,Chin Wei Heng,Chin Wei,Heng,chinweiheng2143@gmail.com,718-135-7510,"27, Jalan Indah, Taman Indah",Kuching,Sarawak,Malaysia,93000,20/8/2022
142,Daljit Choo,Daljit,Choo,daljitchoo9457@yahoo.com,584-248-5589,"8, Jalan Maju, Taman Maju",Alor Setar,Kedah,Malaysia,5050,23/1/2020
143,Devin Wong,Devin,Wong,devinwong4716@hotmail.com,133-983-0128,"41, Jalan Mawar, Taman Mawar",Kuching,Sarawak,Malaysia,93050,13/5/2022
144,Fathin Tan,Fathin,Tan,fathintan1364@yahoo.com,706-816-8025,"12, Jalan Cempaka, Taman Cempaka",Petaling Jaya,Selangor,Malaysia,46350,14/12/2021
145,Gan Yap,Gan,Yap,ganyap6954@outlook.com,553-565-5913,"56, Jalan Pusat, Taman Pusat",Kluang,Johor,Malaysia,86000,10/1/2020
146,Geetha Tan,Geetha,Tan,geethatan4601@gmail.com,699-318-1528,"36, Jalan Putra, Taman Putra",Taiping,Perak,Malaysia,34000,24/1/2021
147,Guo Wei Koh,Guo Wei,Koh,guoweikoh3104@hotmail.com,320-749-9661,"21, Jalan Bersatu, Taman Bersatu",Kota Bharu,Kelantan,Malaysia,16250,1/7/2020
148,Hadi Chin,Hadi,Chin,hadichin5210@yahoo.com,262-218-0693,"18, Jalan Delima, Taman Delima",Johor Bahru,Johor,Malaysia,80100,27/7/2022
149,Harvinder Yeoh,Harvinder,Yeoh,harvinderyeoh1068@yahoo.com,742-292-1104,"10, Jalan Cendana, Taman Cendana",Kuching,Sarawak,Malaysia,93150,2/2/2020
150,Husna Chin,Husna,Chin,husnachin2909@gmail.com,569-420-5413,"7, Jalan Taman, Taman Taman",Miri,Sarawak,Malaysia,98000,11/9/2020
151,Irfan Yip,Irfan,Yip,irfanyip7491@hotmail.com,258-280-7509,"29, Jalan Laksamana, Taman Laksamana",Melaka,Melaka,Malaysia,75100,7/6/2020
152,Ivy Lee,Ivy,Lee,ivylee7405@gmail.com,903-501-7001,"52, Jalan Harmoni, Taman Harmoni",Kuching,Sarawak,Malaysia,93000,16/2/2022
153,Jagdish Chin,Jagdish,Chin,jagdishchin1878@hotmail.com,870-523-6385,"25, Jalan Bestari, Taman Bestari",Kluang,Johor,Malaysia,86000,18/1/2021
154,Jing Tan,Jing,Tan,jingtan8109@outlook.com,239-732-5701,"14, Jalan Harmoni, Taman Harmoni",Johor Bahru,Johor,Malaysia,81300,6/6/2021
155,Kai Liaw,Kai,Liaw,kailiaw9473@plaxo.com,504-153-9302,"18, Jalan Semangat, TTDI",Shah Alam,Selangor,Malaysia,40150,25/5/2020
156,Kavita Yap,Kavita,Yap,kavitayap2036@yahoo.com,297-244-7003,"56, Jalan Taman Seri Putra",Port Dickson,Negeri Sembilan,Malaysia,71960,4/11/2022
157,Kishen Chee,Kishen,Chee,kishenchee6945@gmail.com,793-692-5710,"12, Lorong Bayan Lepas 2",Bayan Lepas,Penang,Malaysia,11900,7/9/2022
158,Kok Chong,Kok,Chong,kokchong7145@outlook.com,432-282-5187,"76, Jalan Setia Dagang 1/1",Kuala Lumpur,Wilayah Persekutuan,Malaysia,50490,22/8/2022
159,Layla Tan,Layla,Tan,laylatan4062@yahoo.com,935-490-3265,"21, Jalan Raja Permaisuri Bainun",Ipoh,Perak,Malaysia,30250,1/8/2020
160,Lee Cheong,Lee,Cheong,leecheong5063@hotmail.com,769-639-5436,"22, Jalan Bakawali, Taman Melati",Seremban,Negeri Sembilan,Malaysia,70300,15/1/2021
161,Mala Lee,Mala,Lee,malalee6374@zoho.com,202-392-6471,"67, Jalan Tanjung Batu 1",Miri,Sarawak,Malaysia,98000,11/12/2022
162,Mei Kwan,Mei,Kwan,meikwan3510@gmail.com,862-171-5229,"34, Jalan Raja Udang, Taman Sri Raya",Kluang,Johor,Malaysia,86000,4/4/2022
163,Mimi Wong,Mimi,Wong,mimiwong8593@yahoo.com,876-602-8519,"9, Jalan Putra Indah 9/1",Johor Bahru,Johor,Malaysia,81200,4/11/2021
164,Nadirah Ong,Nadirah,Ong,nadirahong1684@outlook.com,949-718-0071,"45, Jalan Melaka Raya 3",Melaka,Melaka,Malaysia,75000,16/5/2021
165,Naim Chin,Naim,Chin,naimchin9307@zoho.com,896-938-0967,"26, Jalan Bakawali, Taman Indah",Seremban,Negeri Sembilan,Malaysia,70300,21/3/2020
166,Nandita Lee,Nandita,Lee,nanditalee1435@plaxo.com,138-939-6641,"76, Jalan Gopeng",Ipoh,Perak,Malaysia,31350,5/5/2022
167,Ismael Patel,Ismael,Patel,ipatellquz@comcast.net,856-658-1748,"23, Jalan Setia Budi 4",Miri,Sarawak,Malaysia,98000,24/12/2022
168,Nurul Liaw,Nurul,Liaw,nliawgw@livejournal.com,405-293-2582,"67, Jalan Pandan Indah 3/3",Ampang,Selangor,Malaysia,55100,24/1/2020
169,Ameera Tan,Ameera,Tan,atan4x@businessweek.com,681-213-4689,"54, Jalan Kelapa Gading 2",Kuala Lumpur,Wilayah Persekutuan,Malaysia,56100,23/2/2022
170,Santosh Ngooi,Santosh,Ngooi,sngooifd@hubpages.com,902-653-0094,"31, Jalan Bukit Kemuning 2/2",Shah Alam,Selangor,Malaysia,40460,12/2/2022
171,Thong Chin Yee,Thong,Chin Yee,tchinyeejb@ocn.ne.jp,931-443-1180,"45, Jalan Persiaran Setia Impian",Johor Bahru,Johor,Malaysia,81300,7/7/2021
172,Gaurav Mahalingam,Gaurav,Mahalingam,gmahalingam8h@seesaa.net,415-588-3204,"2, Jalan Setia Tropika 4/4",Johor Bahru,Johor,Malaysia,81200,16/2/2022
173,Riana Chooi,Riana,Chooi,rchooi1e@seesaa.net,119-940-2573,"55, Jalan Kampung Bandar Dalam",Kuching,Sarawak,Malaysia,93200,13/12/2022
174,Hani Kwan,Hani,Kwan,hkwan7y@washingtonpost.com,111-996-6732,"43, Jalan Tun Hussein Onn, Taman Tun Dr Ismail",Kuala Lumpur,Wilayah Persekutuan,Malaysia,60000,23/9/2022
175,Eswaran The,Eswaran,The,ethe4t@google.com,139-856-6282,"14, Jalan Tengah",Bayan Lepas,Penang,Malaysia,11900,2/2/2020
176,Azmi Hanifah,Azmi,Hanifah,ahanifahh3@disqus.com,747-309-4441,"19, Jalan Saujana 2, Taman Saujana",Seremban,Negeri Sembilan,Malaysia,70450,9/9/2020
177,Siti Cheng,Siti,Cheng,schengey@flavors.me,952-683-3650,"45, Jalan Sentosa, Taman Sentosa",Shah Alam,Selangor,Malaysia,40150,18/11/2022
178,Cheng Kah Yee,Cheng,Kah Yee,ckahyeeec@com.com,639-644-7201,"12, Jalan Anggerik, Taman Anggerik",Pekan Nanas,Johor,Malaysia,81500,17/9/2021
179,Shanti Tan,Shanti,Tan,stanm5@berkeley.edu,377-657-5792,"17, Lorong Bunga Tanjung, Taman Bunga",Batu Pahat,Johor,Malaysia,83000,11/2/2022
180,Lian Ho,Lian,Ho,lhody@patch.com,469-640-2465,"22, Jalan Impian, Taman Impian",Kuala Terengganu,Terengganu,Malaysia,20300,26/10/2021
181,Esha Pong,Esha,Pong,epongcp@mayoclinic.com,200-232-3907,"8, Jalan Kenangan, Taman Kenangan",Sungai Petani,Kedah,Malaysia,8000,27/2/2020
182,Kai Lun Pang,Kai Lun,Pang,klpangh0@yale.edu,581-610-5928,"11, Jalan Mawar, Taman Mawar",Banting,Selangor,Malaysia,42700,20/8/2021
183,Lakshmi Goh,Lakshmi,Goh,lgoh7m@opensource.org,492-378-1408,"16, Jalan Harmoni, Taman Harmoni",Port Dickson,Negeri Sembilan,Malaysia,71000,1/12/2021
184,Razif Ngooi,Razif,Ngooi,rngooiz6@rambler.ru,437-143-2732,"7, Jalan Pelangi, Taman Pelangi",Alor Setar,Kedah,Malaysia,5250,16/10/2021
185,Kar Mei Lau,Kar Mei,Lau,kmlautr@linkedin.com,611-526-5442,"21, Jalan Cempaka, Taman Cempaka",Pasir Gudang,Johor,Malaysia,81700,6/9/2021
186,Ting Teng,Ting,Teng,ttengfo@japanpost.jp,141-324-7946,"13, Jalan Seri, Taman Seri",Kajang,Selangor,Malaysia,43000,4/1/2020
187,Chia Li Tan,Chia Li,Tan,clitanjl@ted.com,691-158-8960,"33, Jalan Mesra, Taman Mesra",Kuching,Sarawak,Malaysia,93200,21/7/2022
188,Teoh Yee,Teoh,Yee,tyee0p@princeton.edu,275-970-5464,"10, Jalan Seri Damai, Taman Seri Damai",Sungai Siput,Perak,Malaysia,31100,4/2/2022
189,Neha Chong,Neha,Chong,nchongi2@flavors.me,207-765-8069,"14, Jalan Merdeka, Taman Merdeka",Pontian Kechil,Johor,Malaysia,81500,27/11/2020
190,Saras Dewi,Saras,Dewi,sdewi6e@booking.com,214-446-9992,"8, Jalan Bahagia, Taman Bahagia",Sibu,Sarawak,Malaysia,96000,25/8/2022
191,Sharif Heng,Sharif,Heng,shengb2@google.nl,919-528-6382,"15, Jalan Mawar, Taman Mawar",Labuan,Labuan,Malaysia,87000,4/1/2022
192,Kai Yen Lim,Kai Yen,Lim,kylimcr@liveinternet.ru,165-277-3092,"18, Jalan Teratai, Taman Teratai",Tanjung Malim,Perak,Malaysia,35900,10/7/2021
193,Saravana Ponnusamy,Saravana,Ponnusamy,sponnusamy4c@netscape.com,223-848-9822,"25, Jalan Mesra, Taman Mesra",George Town,Penang,Malaysia,10150,11/1/2022
194,Rhea Lee,Rhea,Lee,rleecs@mozilla.com,703-518-0199,"20, Jalan Sri, Taman Sri",Muar,Johor,Malaysia,84000,22/11/2022
195,Yawen Goh,Yawen,Goh,ygohfg@woothemes.com,244-586-4478,"30, Jalan Bunga, Taman Bunga",Sungai Petani,Kedah,Malaysia,8000,18/6/2021
196,Noach Slyford,Noach,Slyford,nslyford5f@ycombinator.com,961-294-8164,"39, Jalan Murni, Taman Murni",Miri,Sarawak,Malaysia,98000,12/12/2020
197,Donia Staniford,Donia,Staniford,dstaniford5g@jigsy.com,717-871-6280,"12, Jalan Damai, Taman Damai",Sandakan,Sabah,Malaysia,90000,11/8/2022
198,Elianore Dochon,Elianore,Dochon,edochon5h@deviantart.com,498-444-2982,"16, Jalan Bunga, Taman Bunga",Tawau,Sabah,Malaysia,91000,18/4/2022
199,Alyson Kintzel,Alyson,Kintzel,akintzel5i@meetup.com,498-954-9778,"16, Jalan Cenderai, Taman Cenderai",Seremban,Negeri Sembilan,Malaysia,70100,8/3/2021
200,Silvano Pooly,Silvano,Pooly,spooly5j@trellian.com,909-927-5640,"23, Jalan Intan, Taman Intan",Kuantan,Pahang,Malaysia,25000,14/3/2020
